model,condition,distortion,level,n,cer,wer,exact,clean_cer,absolute_cer_delta,relative_cer_degradation,robustness_advantage_vs_image_only,summary_path
image_only,blur_medium,blur,medium,5563,0.09651435436714957,0.37304811552519596,0.5858349811252921,0.08223581816287687,0.014278536204272704,0.1736291621248606,0.0,outputs/robustness_v1/image_only/blur_medium/summary.json
image_only,blur_mild,blur,mild,5563,0.08574899495125653,0.34443645515009863,0.615315477260471,0.08223581816287687,0.00351317678837966,0.042720761668856216,0.0,outputs/robustness_v1/image_only/blur_mild/summary.json
image_only,blur_strong,blur,strong,5563,0.12825327863423705,0.4429234825334053,0.5117742225417939,0.08223581816287687,0.04601746047136018,0.559579286731454,0.0,outputs/robustness_v1/image_only/blur_strong/summary.json
image_only,clean,clean,clean,5563,0.08223581816287687,0.3350230690874226,0.6244831925220204,0.08223581816287687,0.0,0.0,0.0,outputs/robustness_v1/image_only/clean/summary.json
image_only,low_contrast_medium,low_contrast,medium,5563,0.11454443032755254,0.4148960393073281,0.5426927916591767,0.08223581816287687,0.032308612164675676,0.3928776156964232,0.0,outputs/robustness_v1/image_only/low_contrast_medium/summary.json
image_only,low_contrast_mild,low_contrast,mild,5563,0.09654659081558581,0.37173886991431454,0.5860147402480675,0.08223581816287687,0.014310772652708942,0.17402116221869307,0.0,outputs/robustness_v1/image_only/low_contrast_mild/summary.json
image_only,low_contrast_strong,low_contrast,strong,5563,0.1369991250637244,0.47169393013362126,0.48894481394930794,0.08223581816287687,0.05476330690084752,0.6659301035028667,0.0,outputs/robustness_v1/image_only/low_contrast_strong/summary.json
image_only,noise_medium,noise,medium,5563,0.10421801484405335,0.3890856252621485,0.5700161783210498,0.08223581816287687,0.021982196681176486,0.2673068399178371,0.0,outputs/robustness_v1/image_only/noise_medium/summary.json
image_only,noise_mild,noise,mild,5563,0.08446723151847205,0.3410599796272992,0.619809455329858,0.08223581816287687,0.00223141335559518,0.02713432425729171,0.0,outputs/robustness_v1/image_only/noise_mild/summary.json
image_only,noise_strong,noise,strong,5563,0.1610765355263847,0.4809635088980769,0.478878303073881,0.08223581816287687,0.07884071736350784,0.9587150602351318,0.0,outputs/robustness_v1/image_only/noise_strong/summary.json
image_only,thick_strokes_medium,thick_strokes,medium,5563,0.08692513309819042,0.35037749415782843,0.6081251123494518,0.08223581816287687,0.004689314935313549,0.05702277961199166,0.0,outputs/robustness_v1/image_only/thick_strokes_medium/summary.json
image_only,thick_strokes_mild,thick_strokes,mild,5563,0.08692513309819042,0.35037749415782843,0.6081251123494518,0.08223581816287687,0.004689314935313549,0.05702277961199166,0.0,outputs/robustness_v1/image_only/thick_strokes_mild/summary.json
image_only,thick_strokes_strong,thick_strokes,strong,5563,0.10982143048374661,0.4104769608724311,0.5461082149919109,0.08223581816287687,0.027585612320869743,0.33544522249700826,0.0,outputs/robustness_v1/image_only/thick_strokes_strong/summary.json
image_only,thin_strokes_medium,thin_strokes,medium,5563,0.09470299955193909,0.37158307867457585,0.5888908862124753,0.08223581816287687,0.01246718138906222,0.1516028133187613,0.0,outputs/robustness_v1/image_only/thin_strokes_medium/summary.json
image_only,thin_strokes_mild,thin_strokes,mild,5563,0.09470299955193909,0.37158307867457585,0.5888908862124753,0.08223581816287687,0.01246718138906222,0.1516028133187613,0.0,outputs/robustness_v1/image_only/thin_strokes_mild/summary.json
image_only,thin_strokes_strong,thin_strokes,strong,5563,0.2232730314182972,0.57881538738091,0.38252741326622325,0.08223581816287687,0.14103721325542035,1.7150338673116987,0.0,outputs/robustness_v1/image_only/thin_strokes_strong/summary.json
graph_vector_v2,blur_medium,blur,medium,5563,0.16183237896928682,0.5323509711989284,0.39115585115944634,0.1396980739198334,0.022134305049453407,0.15844388135340587,0.015185280771454729,outputs/robustness_v1/graph_vector_v2/blur_medium/summary.json
graph_vector_v2,blur_mild,blur,mild,5563,0.14781884435190004,0.5068988613529806,0.4208161064174007,0.1396980739198334,0.008120770432066632,0.058130868981964526,-0.01541010731310831,outputs/robustness_v1/graph_vector_v2/blur_mild/summary.json
graph_vector_v2,blur_strong,blur,strong,5563,0.19504424778761062,0.584594775619558,0.3363293187129247,0.1396980739198334,0.05534617386777721,0.39618423013861986,0.1633950565928341,outputs/robustness_v1/graph_vector_v2/blur_strong/summary.json
graph_vector_v2,clean,clean,clean,5563,0.1396980739198334,0.4904219691895512,0.43897177781772423,0.1396980739198334,0.0,0.0,0.0,outputs/robustness_v1/graph_vector_v2/clean/summary.json
graph_vector_v2,low_contrast_medium,low_contrast,medium,5563,0.15954190525767828,0.5397186872069658,0.38504404098508,0.1396980739198334,0.01984383133784487,0.14204799523028766,0.25082962046613555,outputs/robustness_v1/graph_vector_v2/low_contrast_medium/summary.json
graph_vector_v2,low_contrast_mild,low_contrast,mild,5563,0.1477147319104633,0.5126590756865371,0.4152435736113608,0.1396980739198334,0.008016657990629894,0.0573856014309138,0.11663556078777927,outputs/robustness_v1/graph_vector_v2/low_contrast_mild/summary.json
graph_vector_v2,low_contrast_strong,low_contrast,strong,5563,0.176762103071317,0.5710649698593436,0.34873269818443287,0.1396980739198334,0.0370640291514836,0.2653152481740945,0.4006148553287722,outputs/robustness_v1/graph_vector_v2/low_contrast_strong/summary.json
graph_vector_v2,noise_medium,noise,medium,5563,0.15029672045809475,0.5131949095780308,0.41344598238360597,0.1396980739198334,0.010598646538261342,0.07586823669697436,0.19143860322086276,outputs/robustness_v1/graph_vector_v2/noise_medium/summary.json
graph_vector_v2,noise_mild,noise,mild,5563,0.1415929203539823,0.4957803081044876,0.432140931152256,0.1396980739198334,0.001894846434148889,0.013563869429125117,0.013570454828166593,outputs/robustness_v1/graph_vector_v2/noise_mild/summary.json
graph_vector_v2,noise_strong,noise,strong,5563,0.1757209786569495,0.5552578700602813,0.3670681287075319,0.1396980739198334,0.036022904737116085,0.25786257266358625,0.7008524875715455,outputs/robustness_v1/graph_vector_v2/noise_strong/summary.json
graph_vector_v2,thick_strokes_medium,thick_strokes,medium,5563,0.15021343050494534,0.5095780308104487,0.4208161064174007,0.1396980739198334,0.010515356585111935,0.07527202265613366,-0.018249243044141994,outputs/robustness_v1/graph_vector_v2/thick_strokes_medium/summary.json
graph_vector_v2,thick_strokes_mild,thick_strokes,mild,5563,0.15021343050494534,0.5095780308104487,0.4208161064174007,0.1396980739198334,0.010515356585111935,0.07527202265613366,-0.018249243044141994,outputs/robustness_v1/graph_vector_v2/thick_strokes_mild/summary.json
graph_vector_v2,thick_strokes_strong,thick_strokes,strong,5563,0.17963560645497137,0.562357669122572,0.3593384864281862,0.1396980739198334,0.03993753253513796,0.28588463258309743,0.049560589913910824,outputs/robustness_v1/graph_vector_v2/thick_strokes_strong/summary.json
graph_vector_v2,thin_strokes_medium,thin_strokes,medium,5563,0.15608537220197813,0.5202947086403215,0.4046377853676074,0.1396980739198334,0.01638729828214472,0.11730511253540024,0.03429770078336106,outputs/robustness_v1/graph_vector_v2/thin_strokes_medium/summary.json
graph_vector_v2,thin_strokes_mild,thin_strokes,mild,5563,0.15608537220197813,0.5202947086403215,0.4046377853676074,0.1396980739198334,0.01638729828214472,0.11730511253540024,0.03429770078336106,outputs/robustness_v1/graph_vector_v2/thin_strokes_mild/summary.json
graph_vector_v2,thin_strokes_strong,thin_strokes,strong,5563,0.2970327954190526,0.681178834561286,0.24465216609742946,0.1396980739198334,0.15733472149921918,1.1262483231480103,0.5887855441636884,outputs/robustness_v1/graph_vector_v2/thin_strokes_strong/summary.json
gated_v2_dist,blur_medium,blur,medium,5563,0.1633940655908381,0.5370395177494977,0.3906165737911199,0.14375845913586674,0.019635606454971366,0.1365874855156431,0.037041676609217505,outputs/robustness_v1/gated_v2_dist/blur_medium/summary.json
gated_v2_dist,blur_mild,blur,mild,5563,0.1506923477355544,0.5180174146014735,0.41146863203307565,0.14375845913586674,0.00693388859968766,0.0482329084588644,-0.005512146790008186,outputs/robustness_v1/gated_v2_dist/blur_mild/summary.json
gated_v2_dist,blur_strong,blur,strong,5563,0.19573138990109318,0.5898191560616209,0.33776739169512854,0.14375845913586674,0.05197293076522644,0.3615295480880648,0.19804973864338915,outputs/robustness_v1/gated_v2_dist/blur_strong/summary.json
gated_v2_dist,clean,clean,clean,5563,0.14375845913586674,0.5056932350971199,0.42387201150458387,0.14375845913586674,0.0,0.0,0.0,outputs/robustness_v1/gated_v2_dist/clean/summary.json
gated_v2_dist,low_contrast_medium,low_contrast,medium,5563,0.16274856845393024,0.5464166108506363,0.3747977709868776,0.14375845913586674,0.018990109318063497,0.1320973348783313,0.2607802808180919,outputs/robustness_v1/gated_v2_dist/low_contrast_medium/summary.json
gated_v2_dist,low_contrast_mild,low_contrast,mild,5563,0.151858407079646,0.5265907568653717,0.39978428905266944,0.14375845913586674,0.008099947943779273,0.05634414831981454,0.11767701389887852,outputs/robustness_v1/gated_v2_dist/low_contrast_mild/summary.json
gated_v2_dist,low_contrast_strong,low_contrast,strong,5563,0.17759500260281103,0.5750837240455459,0.3436994427467194,0.14375845913586674,0.033836543466944285,0.23537079953650047,0.43055930396636627,outputs/robustness_v1/gated_v2_dist/low_contrast_strong/summary.json
gated_v2_dist,noise_medium,noise,medium,5563,0.15662675689744923,0.5320830542531815,0.3952903109832824,0.14375845913586674,0.012868297761582492,0.08951332560834287,0.17779351430949425,outputs/robustness_v1/gated_v2_dist/noise_medium/summary.json
gated_v2_dist,noise_mild,noise,mild,5563,0.14492451847995835,0.5090421969189551,0.4206363472946252,0.14375845913586674,0.0011660593440916134,0.008111239860950135,0.019023084396341573,outputs/robustness_v1/gated_v2_dist/noise_mild/summary.json
gated_v2_dist,noise_strong,noise,strong,5563,0.1886309213951067,0.5863362357669123,0.3366888369584756,0.14375845913586674,0.044872462259239965,0.31213789107763606,0.6465771691574957,outputs/robustness_v1/gated_v2_dist/noise_strong/summary.json
gated_v2_dist,thick_strokes_medium,thick_strokes,medium,5563,0.15190005205622073,0.5264567983924984,0.4044580262448319,0.14375845913586674,0.00814159292035399,0.056633835457705735,0.0003889441542859265,outputs/robustness_v1/gated_v2_dist/thick_strokes_medium/summary.json
gated_v2_dist,thick_strokes_mild,thick_strokes,mild,5563,0.15190005205622073,0.5264567983924984,0.4044580262448319,0.14375845913586674,0.00814159292035399,0.056633835457705735,0.0003889441542859265,outputs/robustness_v1/gated_v2_dist/thick_strokes_mild/summary.json
gated_v2_dist,thick_strokes_strong,thick_strokes,strong,5563,0.1837376366475794,0.5697253851306096,0.357001617832105,0.14375845913586674,0.03997917751171265,0.27809965237543455,0.05734557012157371,outputs/robustness_v1/gated_v2_dist/thick_strokes_strong/summary.json
gated_v2_dist,thin_strokes_medium,thin_strokes,medium,5563,0.15752212389380532,0.5265907568653717,0.39654862484271075,0.14375845913586674,0.013763664757938582,0.09574159907300121,0.055861214245760085,outputs/robustness_v1/gated_v2_dist/thin_strokes_medium/summary.json
gated_v2_dist,thin_strokes_mild,thin_strokes,mild,5563,0.15752212389380532,0.5265907568653717,0.39654862484271075,0.14375845913586674,0.013763664757938582,0.09574159907300121,0.055861214245760085,outputs/robustness_v1/gated_v2_dist/thin_strokes_mild/summary.json
gated_v2_dist,thin_strokes_strong,thin_strokes,strong,5563,0.2916605934409162,0.6727394507702612,0.24824734855293906,0.14375845913586674,0.14790213430504948,1.0288238702201624,0.6862099970915363,outputs/robustness_v1/gated_v2_dist/thin_strokes_strong/summary.json
