pilot_id,sample_id,dataset,level,method,is_primary_variant,is_page_stress_dataset,image_width,image_height,image_area,foreground_ratio,skeleton_pixels,skeleton_density,node_count,edge_count,component_count,junction_count,endpoint_count,short_branch_count,loop_candidate_count,nodes_per_1k_skeleton,edges_per_1k_skeleton,components_per_1k_skeleton,junctions_per_1k_skeleton,endpoints_per_1k_skeleton,short_branches_per_1k_skeleton,junction_endpoint_ratio,edge_node_ratio,component_node_ratio,mean_width_proxy,warning_count,warning_risk_score,graph_path,overlay_path,warnings
pilot2_iam_0001,iam_line_000798,iam,line,otsu,True,False,1855,120,222600,0.04522012578616352,2248,0.010098831985624439,117,88,39,27,90,14,1,52.04626334519573,39.145907473309606,17.348754448398576,12.01067615658363,40.0355871886121,6.227758007117438,0.3,0.7521367521367521,0.3333333333333333,4.085188270413982,0,0.0,outputs/graph_pilot_v2/iam/pilot2_iam_0001/graph_otsu.json,outputs/graph_pilot_v2/iam/pilot2_iam_0001/graph_overlay_otsu.png,
pilot2_iam_0002,iam_line_005793,iam,line,otsu,True,False,612,79,48348,0.08449160254819227,905,0.01871845784727393,41,35,13,12,29,3,0,45.30386740331492,38.67403314917127,14.3646408839779,13.259668508287293,32.04419889502763,3.314917127071823,0.41379310344827586,0.8536585365853658,0.3170731707317073,4.35829371260094,0,0.0,outputs/graph_pilot_v2/iam/pilot2_iam_0002/graph_otsu.json,outputs/graph_pilot_v2/iam/pilot2_iam_0002/graph_overlay_otsu.png,
pilot2_iam_0003,iam_line_002839,iam,line,otsu,True,False,1729,164,283556,0.06456572952080013,3828,0.013499978840158558,206,202,55,83,123,50,0,53.81400208986416,52.76907001044932,14.367816091954023,21.682340647857888,32.13166144200627,13.061650992685475,0.6747967479674797,0.9805825242718447,0.2669902912621359,4.064739387190713,0,0.0,outputs/graph_pilot_v2/iam/pilot2_iam_0003/graph_otsu.json,outputs/graph_pilot_v2/iam/pilot2_iam_0003/graph_overlay_otsu.png,
pilot2_iam_0004,iam_line_009446,iam,line,otsu,True,False,1629,200,325800,0.06062001227747084,3971,0.012188459177409454,128,122,21,56,72,4,0,32.23369428355578,30.722739864014102,5.28834046839587,14.102241249055654,18.131453034500126,1.007302946361118,0.7777777777777778,0.953125,0.1640625,4.984609164582116,0,0.0,outputs/graph_pilot_v2/iam/pilot2_iam_0004/graph_otsu.json,outputs/graph_pilot_v2/iam/pilot2_iam_0004/graph_overlay_otsu.png,
pilot2_iam_0005,iam_line_007508,iam,line,otsu,True,False,1727,99,170973,0.10511016359308195,2875,0.016815520579272752,161,183,13,89,72,27,0,56.0,63.65217391304348,4.521739130434782,30.956521739130434,25.043478260869566,9.391304347826088,1.2361111111111112,1.1366459627329193,0.08074534161490683,5.647927749015132,0,0.0,outputs/graph_pilot_v2/iam/pilot2_iam_0005/graph_otsu.json,outputs/graph_pilot_v2/iam/pilot2_iam_0005/graph_overlay_otsu.png,
pilot2_iam_0006,iam_line_001891,iam,line,otsu,True,False,434,89,38626,0.12983482628281467,1241,0.03212861802930669,45,39,9,16,29,8,0,36.2610797743755,31.426269137792104,7.2522159548751,12.892828364222401,23.368251410153103,6.446414182111201,0.5517241379310345,0.8666666666666667,0.2,4.206961635050866,0,0.0,outputs/graph_pilot_v2/iam/pilot2_iam_0006/graph_otsu.json,outputs/graph_pilot_v2/iam/pilot2_iam_0006/graph_overlay_otsu.png,
pilot2_iam_0007,iam_line_009252,iam,line,otsu,True,False,1920,120,230400,0.08514756944444445,2988,0.01296875,184,153,42,60,124,20,2,61.57965194109772,51.204819277108435,14.056224899598394,20.080321285140563,41.49933065595716,6.693440428380187,0.4838709677419355,0.8315217391304348,0.22826086956521738,6.076067389650209,0,0.0,outputs/graph_pilot_v2/iam/pilot2_iam_0007/graph_otsu.json,outputs/graph_pilot_v2/iam/pilot2_iam_0007/graph_overlay_otsu.png,
pilot2_iam_0008,iam_line_012372,iam,line,otsu,True,False,1715,96,164640,0.0873117103984451,3272,0.01987366375121477,143,144,26,68,75,17,0,43.7041564792176,44.00977995110024,7.946210268948655,20.78239608801956,22.921760391198045,5.19559902200489,0.9066666666666666,1.006993006993007,0.18181818181818182,4.464752053402134,0,0.0,outputs/graph_pilot_v2/iam/pilot2_iam_0008/graph_otsu.json,outputs/graph_pilot_v2/iam/pilot2_iam_0008/graph_overlay_otsu.png,
pilot2_iam_0009,iam_line_010228,iam,line,otsu,True,False,1705,54,92070,0.11533615727164115,2469,0.026816552623004235,147,143,27,61,86,30,0,59.53827460510328,57.91818550020251,10.935601458080194,24.706358849736734,34.831915755366545,12.15066828675577,0.7093023255813954,0.9727891156462585,0.1836734693877551,4.13568058547044,0,0.0,outputs/graph_pilot_v2/iam/pilot2_iam_0009/graph_otsu.json,outputs/graph_pilot_v2/iam/pilot2_iam_0009/graph_overlay_otsu.png,
pilot2_iam_0010,iam_line_012605,iam,line,otsu,True,False,1613,76,122588,0.17119130746892028,2839,0.023158873625477208,108,102,25,44,64,8,2,38.04156393096161,35.92814371257485,8.805917576611483,15.49841493483621,22.543148996125396,2.8178936245156745,0.6875,0.9444444444444444,0.23148148148148148,7.195909290706125,0,0.0,outputs/graph_pilot_v2/iam/pilot2_iam_0010/graph_otsu.json,outputs/graph_pilot_v2/iam/pilot2_iam_0010/graph_overlay_otsu.png,
pilot2_cyr_word_0001,cyr_word_008780,cyrillic_handwriting,word,otsu,True,False,256,64,16384,0.07379150390625,496,0.0302734375,39,40,11,14,25,8,0,78.62903225806451,80.64516129032258,22.177419354838708,28.225806451612904,50.403225806451616,16.129032258064516,0.56,1.0256410256410255,0.28205128205128205,2.7670283276129006,0,0.0,outputs/graph_pilot_v2/cyrillic_handwriting/pilot2_cyr_word_0001/graph_otsu.json,outputs/graph_pilot_v2/cyrillic_handwriting/pilot2_cyr_word_0001/graph_overlay_otsu.png,
pilot2_cyr_word_0002,cyr_word_052296,cyrillic_handwriting,word,otsu,True,False,197,54,10638,0.19627749576988154,641,0.060255687159240456,88,106,12,50,38,32,0,137.28549141965678,165.3666146645866,18.720748829953198,78.003120124805,59.28237129485179,49.921996879875195,1.3157894736842106,1.2045454545454546,0.13636363636363635,2.9532489115562743,0,0.0,outputs/graph_pilot_v2/cyrillic_handwriting/pilot2_cyr_word_0002/graph_otsu.json,outputs/graph_pilot_v2/cyrillic_handwriting/pilot2_cyr_word_0002/graph_overlay_otsu.png,
pilot2_cyr_word_0003,cyr_word_038368,cyrillic_handwriting,word,otsu,True,False,256,64,16384,0.1390380859375,713,0.04351806640625,42,34,10,12,30,6,0,58.906030855539974,47.68583450210379,14.025245441795231,16.830294530154276,42.07573632538569,8.415147265077138,0.4,0.8095238095238095,0.23809523809523808,3.4465657489015533,0,0.0,outputs/graph_pilot_v2/cyrillic_handwriting/pilot2_cyr_word_0003/graph_otsu.json,outputs/graph_pilot_v2/cyrillic_handwriting/pilot2_cyr_word_0003/graph_overlay_otsu.png,
pilot2_cyr_word_0004,cyr_word_035925,cyrillic_handwriting,word,otsu,True,False,206,86,17716,0.19044931135696547,527,0.029747121246331,60,50,24,14,46,6,0,113.85199240986718,94.87666034155598,45.54079696394687,26.565464895635674,87.2865275142315,11.385199240986717,0.30434782608695654,0.8333333333333334,0.4,5.0040500895631395,0,0.0,outputs/graph_pilot_v2/cyrillic_handwriting/pilot2_cyr_word_0004/graph_otsu.json,outputs/graph_pilot_v2/cyrillic_handwriting/pilot2_cyr_word_0004/graph_overlay_otsu.png,
pilot2_cyr_word_0005,cyr_word_018728,cyrillic_handwriting,word,otsu,True,False,112,36,4032,0.20089285714285715,473,0.11731150793650794,64,58,16,21,43,17,1,135.30655391120507,122.6215644820296,33.82663847780127,44.397463002114165,90.9090909090909,35.940803382663844,0.4883720930232558,0.90625,0.25,2.123685926553532,0,0.0,outputs/graph_pilot_v2/cyrillic_handwriting/pilot2_cyr_word_0005/graph_otsu.json,outputs/graph_pilot_v2/cyrillic_handwriting/pilot2_cyr_word_0005/graph_overlay_otsu.png,
pilot2_cyr_word_0006,cyr_word_068341,cyrillic_handwriting,word,otsu,True,False,294,85,24990,0.11744697879151661,677,0.027090836334533814,74,70,26,23,51,16,0,109.30576070901034,103.39734121122599,38.404726735598224,33.97341211225997,75.33234859675036,23.633677991137372,0.45098039215686275,0.9459459459459459,0.35135135135135137,3.9125172234267214,0,0.0,outputs/graph_pilot_v2/cyrillic_handwriting/pilot2_cyr_word_0006/graph_otsu.json,outputs/graph_pilot_v2/cyrillic_handwriting/pilot2_cyr_word_0006/graph_overlay_otsu.png,
pilot2_cyr_word_0007,cyr_word_055219,cyrillic_handwriting,word,otsu,True,False,200,115,23000,0.03821739130434783,505,0.021956521739130434,42,29,13,7,35,1,0,83.16831683168317,57.42574257425743,25.742574257425744,13.861386138613861,69.3069306930693,1.9801980198019802,0.2,0.6904761904761905,0.30952380952380953,2.082997038947422,0,0.0,outputs/graph_pilot_v2/cyrillic_handwriting/pilot2_cyr_word_0007/graph_otsu.json,outputs/graph_pilot_v2/cyrillic_handwriting/pilot2_cyr_word_0007/graph_overlay_otsu.png,
pilot2_cyr_word_0008,cyr_word_050941,cyrillic_handwriting,word,otsu,True,False,214,120,25680,0.06966510903426791,557,0.021690031152647976,21,23,4,11,10,3,0,37.70197486535009,41.292639138240574,7.1813285457809695,19.748653500897667,17.953321364452425,5.3859964093357275,1.1,1.0952380952380953,0.19047619047619047,3.3833679943209747,0,0.0,outputs/graph_pilot_v2/cyrillic_handwriting/pilot2_cyr_word_0008/graph_otsu.json,outputs/graph_pilot_v2/cyrillic_handwriting/pilot2_cyr_word_0008/graph_overlay_otsu.png,
pilot2_cyr_word_0009,cyr_word_032950,cyrillic_handwriting,word,otsu,True,False,256,64,16384,0.16387939453125,639,0.03900146484375,39,36,8,16,23,10,0,61.032863849765256,56.33802816901409,12.519561815336463,25.039123630672925,35.99374021909233,15.64945226917058,0.6956521739130435,0.9230769230769231,0.20512820512820512,4.452035632497926,0,0.0,outputs/graph_pilot_v2/cyrillic_handwriting/pilot2_cyr_word_0009/graph_otsu.json,outputs/graph_pilot_v2/cyrillic_handwriting/pilot2_cyr_word_0009/graph_overlay_otsu.png,
pilot2_cyr_word_0010,cyr_word_061507,cyrillic_handwriting,word,otsu,True,False,85,130,11050,0.18226244343891404,262,0.023710407239819004,12,13,6,4,8,2,0,45.80152671755725,49.61832061068702,22.900763358778626,15.267175572519085,30.53435114503817,7.633587786259542,0.5,1.0833333333333333,0.5,5.811522164484216,0,0.0,outputs/graph_pilot_v2/cyrillic_handwriting/pilot2_cyr_word_0010/graph_otsu.json,outputs/graph_pilot_v2/cyrillic_handwriting/pilot2_cyr_word_0010/graph_overlay_otsu.png,
pilot2_hkr_words_word_0001,hkr_words_020183,hkr_words,word,otsu,True,False,392,73,28616,0.16941571149007548,1026,0.035854067654459046,52,42,12,16,36,3,0,50.682261208576996,40.93567251461988,11.695906432748538,15.594541910331383,35.08771929824562,2.9239766081871346,0.4444444444444444,0.8076923076923077,0.23076923076923078,4.547071533426158,0,0.0,outputs/graph_pilot_v2/hkr_words/pilot2_hkr_words_word_0001/graph_otsu.json,outputs/graph_pilot_v2/hkr_words/pilot2_hkr_words_word_0001/graph_overlay_otsu.png,
pilot2_hkr_words_word_0002,hkr_words_015199,hkr_words,word,otsu,True,False,496,73,36208,0.12591140079540433,1297,0.035820813079982326,69,70,9,33,36,7,0,53.19969159599075,53.97070161912105,6.939090208172706,25.443330763299922,27.756360832690824,5.397070161912104,0.9166666666666666,1.0144927536231885,0.13043478260869565,3.5451717883523495,0,0.0,outputs/graph_pilot_v2/hkr_words/pilot2_hkr_words_word_0002/graph_otsu.json,outputs/graph_pilot_v2/hkr_words/pilot2_hkr_words_word_0002/graph_overlay_otsu.png,
pilot2_hkr_words_word_0003,hkr_words_053078,hkr_words,word,otsu,True,False,141,65,9165,0.1352973267866885,326,0.03557010365521004,18,15,5,7,11,1,0,55.214723926380366,46.012269938650306,15.337423312883436,21.47239263803681,33.74233128834356,3.067484662576687,0.6363636363636364,0.8333333333333334,0.2777777777777778,4.0471748363362785,0,0.0,outputs/graph_pilot_v2/hkr_words/pilot2_hkr_words_word_0003/graph_otsu.json,outputs/graph_pilot_v2/hkr_words/pilot2_hkr_words_word_0003/graph_overlay_otsu.png,
pilot2_hkr_words_word_0004,hkr_words_064321,hkr_words,word,otsu,True,False,137,80,10960,0.16843065693430656,449,0.040967153284671536,29,28,6,12,17,4,0,64.5879732739421,62.360801781737194,13.3630289532294,26.7260579064588,37.8619153674833,8.908685968819599,0.7058823529411765,0.9655172413793104,0.20689655172413793,3.663727023295703,0,0.0,outputs/graph_pilot_v2/hkr_words/pilot2_hkr_words_word_0004/graph_otsu.json,outputs/graph_pilot_v2/hkr_words/pilot2_hkr_words_word_0004/graph_overlay_otsu.png,
pilot2_hkr_words_word_0005,hkr_words_031983,hkr_words,word,otsu,True,False,256,75,19200,0.15067708333333332,772,0.04020833333333333,62,58,12,25,37,14,0,80.31088082901555,75.12953367875647,15.544041450777202,32.38341968911917,47.92746113989637,18.134715025906736,0.6756756756756757,0.9354838709677419,0.1935483870967742,3.7635799383344133,0,0.0,outputs/graph_pilot_v2/hkr_words/pilot2_hkr_words_word_0005/graph_otsu.json,outputs/graph_pilot_v2/hkr_words/pilot2_hkr_words_word_0005/graph_overlay_otsu.png,
pilot2_hkr_words_word_0006,hkr_words_031741,hkr_words,word,otsu,True,False,352,82,28864,0.15735864745011086,1083,0.03752078713968958,43,49,3,28,15,7,0,39.70452446906741,45.24469067405356,2.770083102493075,25.85410895660203,13.850415512465373,6.463527239150507,1.8666666666666667,1.1395348837209303,0.06976744186046512,4.424497407605906,0,0.0,outputs/graph_pilot_v2/hkr_words/pilot2_hkr_words_word_0006/graph_otsu.json,outputs/graph_pilot_v2/hkr_words/pilot2_hkr_words_word_0006/graph_overlay_otsu.png,
pilot2_hkr_words_word_0007,hkr_words_024322,hkr_words,word,otsu,True,False,412,52,21424,0.17993838685586258,1046,0.04882374906646751,65,73,8,37,28,13,0,62.1414913957935,69.78967495219885,7.648183556405353,35.37284894837476,26.76864244741874,12.4282982791587,1.3214285714285714,1.123076923076923,0.12307692307692308,3.846208146330347,0,0.0,outputs/graph_pilot_v2/hkr_words/pilot2_hkr_words_word_0007/graph_otsu.json,outputs/graph_pilot_v2/hkr_words/pilot2_hkr_words_word_0007/graph_overlay_otsu.png,
pilot2_hkr_words_word_0008,hkr_words_022061,hkr_words,word,otsu,True,False,217,81,17577,0.1228878648233487,571,0.032485634636172274,26,26,6,12,14,2,0,45.53415061295972,45.53415061295972,10.507880910683012,21.015761821366024,24.518388791593694,3.502626970227671,0.8571428571428571,1.0,0.23076923076923078,3.6710894239706375,0,0.0,outputs/graph_pilot_v2/hkr_words/pilot2_hkr_words_word_0008/graph_otsu.json,outputs/graph_pilot_v2/hkr_words/pilot2_hkr_words_word_0008/graph_overlay_otsu.png,
pilot2_hkr_words_word_0009,hkr_words_038376,hkr_words,word,otsu,True,False,375,67,25125,0.10666666666666667,789,0.03140298507462687,52,41,14,14,38,6,0,65.90621039290241,51.964512040557665,17.74397972116603,17.74397972116603,48.162230671736374,7.604562737642586,0.3684210526315789,0.7884615384615384,0.2692307692307692,3.293298238126661,0,0.0,outputs/graph_pilot_v2/hkr_words/pilot2_hkr_words_word_0009/graph_otsu.json,outputs/graph_pilot_v2/hkr_words/pilot2_hkr_words_word_0009/graph_overlay_otsu.png,
pilot2_hkr_words_word_0010,hkr_words_024346,hkr_words,word,otsu,True,False,256,57,14592,0.14364035087719298,493,0.03378563596491228,43,36,9,14,29,5,0,87.2210953346856,73.02231237322515,18.255578093306287,28.397565922920894,58.8235294117647,10.141987829614605,0.4827586206896552,0.8372093023255814,0.20930232558139536,3.940927639611707,0,0.0,outputs/graph_pilot_v2/hkr_words/pilot2_hkr_words_word_0010/graph_otsu.json,outputs/graph_pilot_v2/hkr_words/pilot2_hkr_words_word_0010/graph_overlay_otsu.png,
pilot2_school_pupil_text_0001,school_notebooks_train_0024702,school_notebooks,word,otsu,False,False,216,54,11664,0.4418724279835391,571,0.04895404663923182,42,42,42,0,42,13,1,73.55516637478108,73.55516637478108,73.55516637478108,0.0,73.55516637478108,22.76707530647986,0.0,1.0,1.0,2.0,0,0.0,outputs/graph_pilot_v2/school_notebooks/pilot2_school_pupil_text_0001/graph_otsu.json,outputs/graph_pilot_v2/school_notebooks/pilot2_school_pupil_text_0001/graph_overlay_otsu.png,
pilot2_school_pupil_text_0001,school_notebooks_train_0024702,school_notebooks,word,sauvola,True,False,216,54,11664,0.20996227709190673,688,0.05898491083676269,64,79,40,17,47,20,3,93.02325581395348,114.82558139534883,58.13953488372093,24.709302325581394,68.31395348837209,29.069767441860463,0.3617021276595745,1.234375,0.625,3.1662635395368515,0,0.0,outputs/graph_pilot_v2/school_notebooks/pilot2_school_pupil_text_0001/graph_sauvola.json,outputs/graph_pilot_v2/school_notebooks/pilot2_school_pupil_text_0001/graph_overlay_sauvola.png,
pilot2_school_pupil_text_0002,school_notebooks_train_0091565,school_notebooks,word,otsu,False,False,446,96,42816,0.4770646487294469,638,0.014900971599402093,19,21,1,10,9,3,0,29.780564263322884,32.9153605015674,1.567398119122257,15.67398119122257,14.106583072100314,4.702194357366771,1.1111111111111112,1.105263157894737,0.05263157894736842,21.70643612288967,1,18.0,outputs/graph_pilot_v2/school_notebooks/pilot2_school_pupil_text_0002/graph_otsu.json,outputs/graph_pilot_v2/school_notebooks/pilot2_school_pupil_text_0002/graph_overlay_otsu.png,too_high_foreground_ratio
pilot2_school_pupil_text_0002,school_notebooks_train_0091565,school_notebooks,word,sauvola,True,False,446,96,42816,0.24327354260089687,1821,0.04253082959641256,105,127,9,66,39,16,0,57.66062602965403,69.74190005491488,4.942339373970346,36.24382207578254,21.4168039538715,8.786381109280615,1.6923076923076923,1.2095238095238094,0.08571428571428572,5.611857555313378,0,0.0,outputs/graph_pilot_v2/school_notebooks/pilot2_school_pupil_text_0002/graph_sauvola.json,outputs/graph_pilot_v2/school_notebooks/pilot2_school_pupil_text_0002/graph_overlay_sauvola.png,
pilot2_school_pupil_text_0003,school_notebooks_train_0034369,school_notebooks,word,otsu,False,False,257,73,18761,0.3344171419433932,744,0.039656734715633496,71,86,10,38,33,22,0,95.43010752688173,115.59139784946237,13.440860215053764,51.075268817204304,44.354838709677416,29.56989247311828,1.1515151515151516,1.2112676056338028,0.14084507042253522,9.261799511402225,0,0.0,outputs/graph_pilot_v2/school_notebooks/pilot2_school_pupil_text_0003/graph_otsu.json,outputs/graph_pilot_v2/school_notebooks/pilot2_school_pupil_text_0003/graph_overlay_otsu.png,
pilot2_school_pupil_text_0003,school_notebooks_train_0034369,school_notebooks,word,sauvola,True,False,257,73,18761,0.13490752092105965,593,0.03160812323436917,66,58,20,17,49,17,0,111.29848229342328,97.80775716694772,33.72681281618887,28.66779089376054,82.63069139966274,28.66779089376054,0.3469387755102041,0.8787878787878788,0.30303030303030304,3.51066386997447,0,0.0,outputs/graph_pilot_v2/school_notebooks/pilot2_school_pupil_text_0003/graph_sauvola.json,outputs/graph_pilot_v2/school_notebooks/pilot2_school_pupil_text_0003/graph_overlay_sauvola.png,
pilot2_school_pupil_text_0004,school_notebooks_train_0213019,school_notebooks,word,otsu,False,False,250,125,31250,0.112128,729,0.023328,36,46,5,24,12,2,0,49.382716049382715,63.10013717421125,6.858710562414266,32.92181069958848,16.46090534979424,2.7434842249657065,2.0,1.2777777777777777,0.1388888888888889,4.8937713989916105,0,0.0,outputs/graph_pilot_v2/school_notebooks/pilot2_school_pupil_text_0004/graph_otsu.json,outputs/graph_pilot_v2/school_notebooks/pilot2_school_pupil_text_0004/graph_overlay_otsu.png,
pilot2_school_pupil_text_0004,school_notebooks_train_0213019,school_notebooks,word,sauvola,True,False,250,125,31250,0.144928,1280,0.04096,166,158,58,53,113,48,0,129.6875,123.4375,45.3125,41.40625,88.28125,37.5,0.4690265486725664,0.9518072289156626,0.3493975903614458,3.0131848451151164,0,0.0,outputs/graph_pilot_v2/school_notebooks/pilot2_school_pupil_text_0004/graph_sauvola.json,outputs/graph_pilot_v2/school_notebooks/pilot2_school_pupil_text_0004/graph_overlay_sauvola.png,
pilot2_school_pupil_text_0005,school_notebooks_train_0230836,school_notebooks,word,otsu,False,False,238,141,33558,0.4555396626735801,656,0.019548244829846833,7,12,11,1,6,2,0,10.670731707317072,18.29268292682927,16.76829268292683,1.524390243902439,9.146341463414634,3.048780487804878,0.16666666666666666,1.7142857142857142,1.5714285714285714,6.767757111644757,1,18.0,outputs/graph_pilot_v2/school_notebooks/pilot2_school_pupil_text_0005/graph_otsu.json,outputs/graph_pilot_v2/school_notebooks/pilot2_school_pupil_text_0005/graph_overlay_otsu.png,too_high_foreground_ratio
pilot2_school_pupil_text_0005,school_notebooks_train_0230836,school_notebooks,word,sauvola,True,False,238,141,33558,0.14583705822754633,1170,0.03486500983372072,76,75,17,31,45,21,0,64.95726495726495,64.1025641025641,14.52991452991453,26.495726495726494,38.46153846153846,17.94871794871795,0.6888888888888889,0.9868421052631579,0.2236842105263158,3.87110630739428,0,0.0,outputs/graph_pilot_v2/school_notebooks/pilot2_school_pupil_text_0005/graph_sauvola.json,outputs/graph_pilot_v2/school_notebooks/pilot2_school_pupil_text_0005/graph_overlay_sauvola.png,
pilot2_school_pupil_text_0006,school_notebooks_train_0065393,school_notebooks,word,otsu,False,False,265,146,38690,0.4771517187903851,678,0.017523907986559836,0,2,2,0,0,0,1,0.0,2.949852507374631,2.949852507374631,0.0,0.0,0.0,,,,,2,33.0,outputs/graph_pilot_v2/school_notebooks/pilot2_school_pupil_text_0006/graph_otsu.json,outputs/graph_pilot_v2/school_notebooks/pilot2_school_pupil_text_0006/graph_overlay_otsu.png,no_special_nodes_detected|too_high_foreground_ratio
pilot2_school_pupil_text_0006,school_notebooks_train_0065393,school_notebooks,word,sauvola,True,False,265,146,38690,0.09808736107521324,1225,0.03166192814680796,133,101,65,19,114,25,0,108.57142857142857,82.44897959183673,53.06122448979592,15.510204081632653,93.06122448979592,20.408163265306122,0.16666666666666666,0.7593984962406015,0.48872180451127817,2.94938585825222,0,0.0,outputs/graph_pilot_v2/school_notebooks/pilot2_school_pupil_text_0006/graph_sauvola.json,outputs/graph_pilot_v2/school_notebooks/pilot2_school_pupil_text_0006/graph_overlay_sauvola.png,
pilot2_school_pupil_text_0007,school_notebooks_train_0142905,school_notebooks,word,otsu,False,False,341,124,42284,0.41254375177372055,840,0.019865670229874184,0,2,2,0,0,0,1,0.0,2.380952380952381,2.380952380952381,0.0,0.0,0.0,,,,,1,15.0,outputs/graph_pilot_v2/school_notebooks/pilot2_school_pupil_text_0007/graph_otsu.json,outputs/graph_pilot_v2/school_notebooks/pilot2_school_pupil_text_0007/graph_overlay_otsu.png,no_special_nodes_detected
pilot2_school_pupil_text_0007,school_notebooks_train_0142905,school_notebooks,word,sauvola,True,False,341,124,42284,0.2441112477532873,1452,0.03433922996878252,63,65,5,31,32,8,0,43.388429752066116,44.76584022038568,3.443526170798898,21.349862258953166,22.038567493112946,5.509641873278237,0.96875,1.0317460317460319,0.07936507936507936,5.205129685013402,0,0.0,outputs/graph_pilot_v2/school_notebooks/pilot2_school_pupil_text_0007/graph_sauvola.json,outputs/graph_pilot_v2/school_notebooks/pilot2_school_pupil_text_0007/graph_overlay_sauvola.png,
pilot2_school_pupil_text_0008,school_notebooks_train_0223187,school_notebooks,word,otsu,False,False,448,133,59584,0.38399570354457574,482,0.008089419978517722,6,6,1,3,3,0,0,12.448132780082988,12.448132780082988,2.074688796680498,6.224066390041494,6.224066390041494,0.0,1.0,1.0,0.16666666666666666,31.48475373751842,0,0.0,outputs/graph_pilot_v2/school_notebooks/pilot2_school_pupil_text_0008/graph_otsu.json,outputs/graph_pilot_v2/school_notebooks/pilot2_school_pupil_text_0008/graph_overlay_otsu.png,
pilot2_school_pupil_text_0008,school_notebooks_train_0223187,school_notebooks,word,sauvola,True,False,448,133,59584,0.0582203276047261,1044,0.017521482277121376,81,73,34,20,61,9,0,77.58620689655173,69.92337164750958,32.56704980842912,19.157088122605366,58.42911877394636,8.620689655172415,0.32786885245901637,0.9012345679012346,0.41975308641975306,3.0754141907903536,0,0.0,outputs/graph_pilot_v2/school_notebooks/pilot2_school_pupil_text_0008/graph_sauvola.json,outputs/graph_pilot_v2/school_notebooks/pilot2_school_pupil_text_0008/graph_overlay_sauvola.png,
pilot2_school_pupil_text_0009,school_notebooks_train_0028279,school_notebooks,word,otsu,False,False,461,161,74221,0.47133560582584444,509,0.0068578973605852795,6,6,1,3,3,0,0,11.787819253438114,11.787819253438114,1.9646365422396856,5.893909626719057,5.893909626719057,0.0,1.0,1.0,0.16666666666666666,61.175014199080884,1,18.0,outputs/graph_pilot_v2/school_notebooks/pilot2_school_pupil_text_0009/graph_otsu.json,outputs/graph_pilot_v2/school_notebooks/pilot2_school_pupil_text_0009/graph_overlay_otsu.png,too_high_foreground_ratio
pilot2_school_pupil_text_0009,school_notebooks_train_0028279,school_notebooks,word,sauvola,True,False,461,161,74221,0.1603858746176958,2198,0.029614260115061776,101,103,17,47,54,22,0,45.950864422202,46.86078252957234,7.734303912647862,21.383075523202912,24.56778889899909,10.009099181073703,0.8703703703703703,1.0198019801980198,0.16831683168316833,4.244732370137619,0,0.0,outputs/graph_pilot_v2/school_notebooks/pilot2_school_pupil_text_0009/graph_sauvola.json,outputs/graph_pilot_v2/school_notebooks/pilot2_school_pupil_text_0009/graph_overlay_sauvola.png,
pilot2_school_pupil_text_0010,school_notebooks_train_0217488,school_notebooks,word,otsu,False,False,108,103,11124,0.43734268248831354,261,0.023462783171521034,11,17,2,8,3,1,0,42.1455938697318,65.13409961685824,7.662835249042145,30.65134099616858,11.494252873563218,3.8314176245210727,2.6666666666666665,1.5454545454545454,0.18181818181818182,13.024003147144725,0,0.0,outputs/graph_pilot_v2/school_notebooks/pilot2_school_pupil_text_0010/graph_otsu.json,outputs/graph_pilot_v2/school_notebooks/pilot2_school_pupil_text_0010/graph_overlay_otsu.png,
pilot2_school_pupil_text_0010,school_notebooks_train_0217488,school_notebooks,word,sauvola,True,False,108,103,11124,0.22015462064005753,473,0.04252067601582165,29,35,4,17,12,8,0,61.3107822410148,73.99577167019028,8.456659619450317,35.940803382663844,25.36997885835095,16.913319238900634,1.4166666666666667,1.206896551724138,0.13793103448275862,4.366398109680498,0,0.0,outputs/graph_pilot_v2/school_notebooks/pilot2_school_pupil_text_0010/graph_sauvola.json,outputs/graph_pilot_v2/school_notebooks/pilot2_school_pupil_text_0010/graph_overlay_sauvola.png,
pilot2_hwr200_0001,hwr200_document_condition_004393,hwr200,page_from_document_condition,otsu,False,True,1368,1629,2228472,0.1105474962216263,95021,0.042639530584185036,10664,9979,4447,3018,7646,2416,0,112.22782332326538,105.01889056103387,46.80018101261826,31.761400111554288,80.46642321171109,25.425958472337694,0.39471619147266546,0.9357651912978244,0.4170105026256564,2.740512569453613,3,55.0,outputs/graph_pilot_v2/hwr200/pilot2_hwr200_0001/graph_otsu.json,outputs/graph_pilot_v2/hwr200/pilot2_hwr200_0001/graph_overlay_otsu.png,hwr200_page|too_many_components|too_many_junctions
pilot2_hwr200_0001,hwr200_document_condition_004393,hwr200,page_from_document_condition,otsu_gridless,True,True,1368,1629,2228472,0.10615345402589757,95438,0.04282665431739775,11336,10202,4969,2864,8472,2500,0,118.77868354324274,106.89662398625285,52.06521511347681,30.00901108573105,88.76967245751169,26.195016660030596,0.3380547686496695,0.8999647141848977,0.43833803810868033,2.6452512464610973,3,55.0,outputs/graph_pilot_v2/hwr200/pilot2_hwr200_0001/graph_otsu_gridless.json,outputs/graph_pilot_v2/hwr200/pilot2_hwr200_0001/graph_overlay_otsu_gridless.png,hwr200_page|too_many_components|too_many_junctions
pilot2_hwr200_0002,hwr200_document_condition_004394,hwr200,page_from_document_condition,otsu,False,True,1440,1920,2764800,0.19868561921296296,107888,0.03902199074074074,11989,10554,3768,3642,8347,2519,2,111.1244994809432,97.82366899006377,34.9251075189085,33.75722971970933,77.36726976123387,23.348287112561174,0.4363244279381814,0.8803069480356994,0.3142880974226374,4.43356874972935,3,55.0,outputs/graph_pilot_v2/hwr200/pilot2_hwr200_0002/graph_otsu.json,outputs/graph_pilot_v2/hwr200/pilot2_hwr200_0002/graph_overlay_otsu.png,hwr200_page|too_many_components|too_many_junctions
pilot2_hwr200_0002,hwr200_document_condition_004394,hwr200,page_from_document_condition,otsu_gridless,True,True,1440,1920,2764800,0.10226996527777778,102019,0.03689923321759259,12845,10665,4519,3271,9574,2654,2,125.90791911310639,104.53935051313971,44.29567041433459,32.06265499563807,93.84526411746832,26.014761956106216,0.3416544808857322,0.8302841572596341,0.3518100428182172,2.9047793525375387,3,55.0,outputs/graph_pilot_v2/hwr200/pilot2_hwr200_0002/graph_otsu_gridless.json,outputs/graph_pilot_v2/hwr200/pilot2_hwr200_0002/graph_overlay_otsu_gridless.png,hwr200_page|too_many_components|too_many_junctions
pilot2_hwr200_0003,hwr200_document_condition_004395,hwr200,page_from_document_condition,otsu,False,True,1440,1920,2764800,0.4777199074074074,163089,0.058987630208333336,14161,18208,2716,8353,5808,3441,1,86.82989042792586,111.64456217157503,16.653483680689686,51.21743342592082,35.61245700200504,21.098909184555673,1.4381887052341598,1.2857849021961727,0.19179436480474543,10.094227140824682,4,73.0,outputs/graph_pilot_v2/hwr200/pilot2_hwr200_0003/graph_otsu.json,outputs/graph_pilot_v2/hwr200/pilot2_hwr200_0003/graph_overlay_otsu.png,hwr200_page|too_high_foreground_ratio|too_many_components|too_many_junctions
pilot2_hwr200_0003,hwr200_document_condition_004395,hwr200,page_from_document_condition,otsu_gridless,True,True,1440,1920,2764800,0.09178168402777778,79479,0.028746744791666667,16989,13437,8981,2205,14784,4041,14,213.75457668063262,169.06352621447175,112.9984020936348,27.743177443098176,186.01139923753445,50.84361906918809,0.14914772727272727,0.7909235387603744,0.5286361763494025,3.0950510181916244,3,55.0,outputs/graph_pilot_v2/hwr200/pilot2_hwr200_0003/graph_otsu_gridless.json,outputs/graph_pilot_v2/hwr200/pilot2_hwr200_0003/graph_overlay_otsu_gridless.png,hwr200_page|too_many_components|too_many_junctions
pilot2_hwr200_0004,hwr200_document_condition_006550,hwr200,page_from_document_condition,otsu,False,True,1858,2400,4459200,0.0987152404018658,103316,0.023169178327951203,6570,6727,630,3317,3253,731,0,63.59131209106044,65.11092183204924,6.097797049827713,32.10538541948972,31.485926671570716,7.075380386387394,1.0196741469412849,1.023896499238965,0.0958904109589041,4.243254334645202,4,60.0,outputs/graph_pilot_v2/hwr200/pilot2_hwr200_0004/graph_otsu.json,outputs/graph_pilot_v2/hwr200/pilot2_hwr200_0004/graph_overlay_otsu.png,hwr200_page|large_page_scaled|too_many_components|too_many_junctions
pilot2_hwr200_0004,hwr200_document_condition_006550,hwr200,page_from_document_condition,otsu_gridless,True,True,1858,2400,4459200,0.09726991388589881,102760,0.02304449228561177,6872,6873,803,3303,3569,768,0,66.87427014402492,66.88400155702608,7.814324639937719,32.142857142857146,34.731413001167766,7.473725184896847,0.9254693191370131,1.0001455180442376,0.11685098952270082,4.188423571551224,4,60.0,outputs/graph_pilot_v2/hwr200/pilot2_hwr200_0004/graph_otsu_gridless.json,outputs/graph_pilot_v2/hwr200/pilot2_hwr200_0004/graph_overlay_otsu_gridless.png,hwr200_page|large_page_scaled|too_many_components|too_many_junctions
pilot2_hwr200_0005,hwr200_document_condition_006551,hwr200,page_from_document_condition,otsu,False,True,1800,2400,4320000,0.3551675925925926,153284,0.03548240740740741,10989,13695,959,7018,3971,2277,1,71.69045692962084,89.34396284021815,6.256360742151823,45.784295816915005,25.906161112705828,14.854779363795307,1.7673130193905817,1.2462462462462462,0.08726908726908728,7.894572462833664,4,60.0,outputs/graph_pilot_v2/hwr200/pilot2_hwr200_0005/graph_otsu.json,outputs/graph_pilot_v2/hwr200/pilot2_hwr200_0005/graph_overlay_otsu.png,hwr200_page|large_page_scaled|too_many_components|too_many_junctions
pilot2_hwr200_0005,hwr200_document_condition_006551,hwr200,page_from_document_condition,otsu_gridless,True,True,1800,2400,4320000,0.06528935185185185,95636,0.022137962962962963,10710,9815,3155,3476,7234,2249,4,111.98711782174077,102.6287172194571,32.98966916224016,36.34614580283575,75.64097201890502,23.51624911121335,0.4805087088747581,0.9164332399626517,0.2945845004668534,2.926004603547111,4,60.0,outputs/graph_pilot_v2/hwr200/pilot2_hwr200_0005/graph_otsu_gridless.json,outputs/graph_pilot_v2/hwr200/pilot2_hwr200_0005/graph_overlay_otsu_gridless.png,hwr200_page|large_page_scaled|too_many_components|too_many_junctions
pilot2_hwr200_0007,hwr200_document_condition_008365,hwr200,page_from_document_condition,otsu,False,True,853,1136,969008,0.1200619602727738,55528,0.05730396446675363,3824,4285,1380,1475,2349,773,3,68.86615761417663,77.16827546463045,24.85232675407002,26.563175334966143,42.30298227921049,13.920904768765308,0.6279267773520647,1.1205543933054394,0.3608786610878661,2.492804744375041,3,55.0,outputs/graph_pilot_v2/hwr200/pilot2_hwr200_0007/graph_otsu.json,outputs/graph_pilot_v2/hwr200/pilot2_hwr200_0007/graph_overlay_otsu.png,hwr200_page|too_many_components|too_many_junctions
pilot2_hwr200_0007,hwr200_document_condition_008365,hwr200,page_from_document_condition,otsu_gridless,True,True,853,1136,969008,0.08687957168568268,39003,0.04025044168881991,5105,4968,2732,1178,3927,1065,5,130.8873676383868,127.37481732174449,70.04589390559701,30.202804912442634,100.68456272594416,27.30559187754788,0.2999745352686529,0.9731635651322234,0.5351616062683644,2.3851360374134485,3,55.0,outputs/graph_pilot_v2/hwr200/pilot2_hwr200_0007/graph_otsu_gridless.json,outputs/graph_pilot_v2/hwr200/pilot2_hwr200_0007/graph_overlay_otsu_gridless.png,hwr200_page|too_many_components|too_many_junctions
pilot2_hwr200_0008,hwr200_document_condition_008366,hwr200,page_from_document_condition,otsu,False,True,1280,960,1228800,0.09838785807291667,55019,0.04477457682291667,4720,5030,1994,1508,3212,1188,4,85.78854577509587,91.42296297642632,36.24202548210618,27.408713353568768,58.37983242152711,21.59254075864701,0.46948941469489414,1.0656779661016949,0.42245762711864404,2.700405148850575,3,55.0,outputs/graph_pilot_v2/hwr200/pilot2_hwr200_0008/graph_otsu.json,outputs/graph_pilot_v2/hwr200/pilot2_hwr200_0008/graph_overlay_otsu.png,hwr200_page|too_many_components|too_many_junctions
pilot2_hwr200_0008,hwr200_document_condition_008366,hwr200,page_from_document_condition,otsu_gridless,True,True,1280,960,1228800,0.0669921875,39309,0.03198974609375,5573,5325,2965,1206,4367,1390,6,141.77414841384925,135.46516065023278,75.42801902872115,30.679996947263984,111.09415146658526,35.36085883639879,0.27616212502862375,0.9554997308451463,0.5320294275973443,2.3673628224963448,3,55.0,outputs/graph_pilot_v2/hwr200/pilot2_hwr200_0008/graph_otsu_gridless.json,outputs/graph_pilot_v2/hwr200/pilot2_hwr200_0008/graph_overlay_otsu_gridless.png,hwr200_page|too_many_components|too_many_junctions
pilot2_hwr200_0009,hwr200_document_condition_008367,hwr200,page_from_document_condition,otsu,False,True,960,1280,1228800,0.2923917643229167,56224,0.04575520833333333,6327,6582,2387,1995,4332,1735,4,112.53201479795105,117.06744450768355,42.45517928286853,35.483067729083665,77.04894706886739,30.858708025042688,0.4605263157894737,1.0403034613560929,0.37727200885095624,3.845041183315975,3,55.0,outputs/graph_pilot_v2/hwr200/pilot2_hwr200_0009/graph_otsu.json,outputs/graph_pilot_v2/hwr200/pilot2_hwr200_0009/graph_overlay_otsu.png,hwr200_page|too_many_components|too_many_junctions
pilot2_hwr200_0009,hwr200_document_condition_008367,hwr200,page_from_document_condition,otsu_gridless,True,True,960,1280,1228800,0.06267578125,41894,0.03409342447916667,6833,6349,3224,1478,5355,1825,6,163.10211486131666,151.54914784933402,76.95612736907432,35.279514966343626,127.82259989497302,43.562323960471666,0.27600373482726426,0.9291672764525098,0.47182789404361186,2.2599929932033684,3,55.0,outputs/graph_pilot_v2/hwr200/pilot2_hwr200_0009/graph_otsu_gridless.json,outputs/graph_pilot_v2/hwr200/pilot2_hwr200_0009/graph_overlay_otsu_gridless.png,hwr200_page|too_many_components|too_many_junctions
pilot2_hwr200_0010,hwr200_document_condition_000349,hwr200,page_from_document_condition,otsu,False,True,1705,2400,4092000,0.048708211143695015,82400,0.020136852394916912,18842,18296,14847,1874,16968,7000,21,228.66504854368932,222.03883495145632,180.18203883495147,22.74271844660194,205.92233009708738,84.95145631067962,0.11044318717586045,0.9710221844814776,0.7879736758305912,2.44301949205625,5,75.0,outputs/graph_pilot_v2/hwr200/pilot2_hwr200_0010/graph_otsu.json,outputs/graph_pilot_v2/hwr200/pilot2_hwr200_0010/graph_overlay_otsu.png,hwr200_page|large_page_scaled|too_many_components|too_many_junctions|too_many_short_branches
pilot2_hwr200_0010,hwr200_document_condition_000349,hwr200,page_from_document_condition,otsu_gridless,True,True,1705,2400,4092000,0.04799828934506354,81392,0.019890518084066472,19647,19523,16127,1847,17800,7342,21,241.38735993709454,239.86386868488304,198.13986632592884,22.692647926086103,218.69471201100845,90.20542559465304,0.10376404494382023,0.9936886038580954,0.8208377869394818,2.428776359627806,5,75.0,outputs/graph_pilot_v2/hwr200/pilot2_hwr200_0010/graph_otsu_gridless.json,outputs/graph_pilot_v2/hwr200/pilot2_hwr200_0010/graph_overlay_otsu_gridless.png,hwr200_page|large_page_scaled|too_many_components|too_many_junctions|too_many_short_branches
pilot2_hkr_forms_0001,hkr_forms_page_000281,hkr_forms,form_page,otsu,False,True,1697,2400,4072800,0.06581982911019446,85797,0.02106585150265174,4575,3854,1293,1383,3192,661,22,53.323542781216126,44.919985547280206,15.070457008986327,16.119444735829923,37.2040980453862,7.704232082706855,0.4332706766917293,0.8424043715846995,0.28262295081967215,2.454405671807783,5,65.0,outputs/graph_pilot_v2/hkr_forms/pilot2_hkr_forms_0001/graph_otsu.json,outputs/graph_pilot_v2/hkr_forms/pilot2_hkr_forms_0001/graph_overlay_otsu.png,hkr_forms_page|hkr_possible_form_grid|large_page_scaled|too_many_components|too_many_junctions
pilot2_hkr_forms_0001,hkr_forms_page_000281,hkr_forms,form_page,otsu_gridless,True,True,1697,2400,4072800,0.026083038695737575,44419,0.010906256138283246,5329,4355,1984,1276,4053,916,22,119.9711835025552,98.0436299781625,44.665571039420065,28.72644589027218,91.24473761228303,20.621805983925796,0.3148285220824081,0.8172264965284294,0.3723024957778195,2.326640098678219,5,65.0,outputs/graph_pilot_v2/hkr_forms/pilot2_hkr_forms_0001/graph_otsu_gridless.json,outputs/graph_pilot_v2/hkr_forms/pilot2_hkr_forms_0001/graph_overlay_otsu_gridless.png,hkr_forms_page|hkr_possible_form_grid|large_page_scaled|too_many_components|too_many_junctions
pilot2_hkr_forms_0002,hkr_forms_page_000944,hkr_forms,form_page,otsu,False,True,1697,2400,4072800,0.06613410921233549,99171,0.02434958750736594,6440,5128,2664,1261,5179,1028,43,64.93833882889152,51.708664831452744,26.862691714311644,12.71541075516028,52.22292807373123,10.365933589456596,0.2434832979339641,0.7962732919254658,0.41366459627329194,2.3555224066233182,5,65.0,outputs/graph_pilot_v2/hkr_forms/pilot2_hkr_forms_0002/graph_otsu.json,outputs/graph_pilot_v2/hkr_forms/pilot2_hkr_forms_0002/graph_overlay_otsu.png,hkr_forms_page|hkr_possible_form_grid|large_page_scaled|too_many_components|too_many_junctions
pilot2_hkr_forms_0002,hkr_forms_page_000944,hkr_forms,form_page,otsu_gridless,True,True,1697,2400,4072800,0.025130622667452366,59660,0.014648399135729719,11768,9026,6861,1093,10675,2362,43,197.2510895072075,151.29064699966477,115.00167616493464,18.320482735501173,178.93060677170632,39.59101575595039,0.10238875878220141,0.7669952413324269,0.5830217539089055,2.10959831671853,5,65.0,outputs/graph_pilot_v2/hkr_forms/pilot2_hkr_forms_0002/graph_otsu_gridless.json,outputs/graph_pilot_v2/hkr_forms/pilot2_hkr_forms_0002/graph_overlay_otsu_gridless.png,hkr_forms_page|hkr_possible_form_grid|large_page_scaled|too_many_components|too_many_junctions
pilot2_hkr_forms_0003,hkr_forms_page_000752,hkr_forms,form_page,otsu,False,True,1697,2400,4072800,0.04897441563543508,89438,0.0219598310744451,4488,3880,1259,1353,3135,634,6,50.180012969878575,43.38200764775599,14.076790625908451,15.127798027683982,35.052214942194595,7.088709497081777,0.43157894736842106,0.8645276292335116,0.2805258467023173,2.282622840942423,5,65.0,outputs/graph_pilot_v2/hkr_forms/pilot2_hkr_forms_0003/graph_otsu.json,outputs/graph_pilot_v2/hkr_forms/pilot2_hkr_forms_0003/graph_overlay_otsu.png,hkr_forms_page|hkr_possible_form_grid|large_page_scaled|too_many_components|too_many_junctions
pilot2_hkr_forms_0003,hkr_forms_page_000752,hkr_forms,form_page,otsu_gridless,True,True,1697,2400,4072800,0.02215871145158122,52159,0.012806668630917305,8743,7101,4846,1156,7587,1686,6,167.62207864414577,136.14141375409804,92.90822293372189,22.163001591288175,145.4590770528576,32.32423934507947,0.15236588902069328,0.8121926112318426,0.5542719890197872,2.143202085260621,5,65.0,outputs/graph_pilot_v2/hkr_forms/pilot2_hkr_forms_0003/graph_otsu_gridless.json,outputs/graph_pilot_v2/hkr_forms/pilot2_hkr_forms_0003/graph_overlay_otsu_gridless.png,hkr_forms_page|hkr_possible_form_grid|large_page_scaled|too_many_components|too_many_junctions
pilot2_hkr_forms_0004,hkr_forms_page_000820,hkr_forms,form_page,otsu,False,True,1697,2400,4072800,0.049507709683755646,79589,0.019541593007267728,3354,3097,729,1272,2082,589,22,42.14150196635213,38.912412519317996,9.159557225244695,15.982108080262348,26.159393886089788,7.400520172385631,0.6109510086455331,0.9233750745378653,0.21735241502683364,2.8329710356858757,5,65.0,outputs/graph_pilot_v2/hkr_forms/pilot2_hkr_forms_0004/graph_otsu.json,outputs/graph_pilot_v2/hkr_forms/pilot2_hkr_forms_0004/graph_overlay_otsu.png,hkr_forms_page|hkr_possible_form_grid|large_page_scaled|too_many_components|too_many_junctions
pilot2_hkr_forms_0004,hkr_forms_page_000820,hkr_forms,form_page,otsu_gridless,True,True,1697,2400,4072800,0.024002651738361816,41920,0.010292673345118837,7336,6146,4020,1138,6198,1623,22,175.0,146.61259541984734,95.8969465648855,27.146946564885496,147.8530534351145,38.716603053435115,0.18360761535979347,0.8377862595419847,0.5479825517993457,2.4936079756874987,5,65.0,outputs/graph_pilot_v2/hkr_forms/pilot2_hkr_forms_0004/graph_otsu_gridless.json,outputs/graph_pilot_v2/hkr_forms/pilot2_hkr_forms_0004/graph_overlay_otsu_gridless.png,hkr_forms_page|hkr_possible_form_grid|large_page_scaled|too_many_components|too_many_junctions
pilot2_hkr_forms_0005,hkr_forms_page_001289,hkr_forms,form_page,otsu,False,True,1697,2400,4072800,0.08780642309958751,112633,0.02765493026910234,6462,5945,1662,2291,4171,1124,61,57.37217334173821,52.78204433869292,14.755888593928955,20.340397574423125,37.03177576731508,9.979313345112,0.5492687604890913,0.9199938099659548,0.25719591457753016,2.5369242065541058,5,65.0,outputs/graph_pilot_v2/hkr_forms/pilot2_hkr_forms_0005/graph_otsu.json,outputs/graph_pilot_v2/hkr_forms/pilot2_hkr_forms_0005/graph_overlay_otsu.png,hkr_forms_page|hkr_possible_form_grid|large_page_scaled|too_many_components|too_many_junctions
pilot2_hkr_forms_0005,hkr_forms_page_001289,hkr_forms,form_page,otsu_gridless,True,True,1697,2400,4072800,0.03147048713415832,58364,0.014330190532311923,7451,6757,2807,2109,5342,1505,61,127.6643136179837,115.77342197244877,48.094715920773076,36.13528887670482,91.52902474127887,25.786443698170103,0.3947959565705728,0.9068581398470004,0.3767279559790632,2.3594576767875224,5,65.0,outputs/graph_pilot_v2/hkr_forms/pilot2_hkr_forms_0005/graph_otsu_gridless.json,outputs/graph_pilot_v2/hkr_forms/pilot2_hkr_forms_0005/graph_overlay_otsu_gridless.png,hkr_forms_page|hkr_possible_form_grid|large_page_scaled|too_many_components|too_many_junctions
pilot2_hkr_forms_0006,hkr_forms_page_001013,hkr_forms,form_page,otsu,False,True,1697,2400,4072800,0.08487453349047339,113742,0.027927224513847968,8113,6707,2729,2025,6088,1374,29,71.3280934043713,58.96678447715004,23.99289620368905,17.80344991296091,53.52464349141039,12.079970459460885,0.3326215505913272,0.8266978922716628,0.33637372118821646,2.5739900963185782,5,65.0,outputs/graph_pilot_v2/hkr_forms/pilot2_hkr_forms_0006/graph_otsu.json,outputs/graph_pilot_v2/hkr_forms/pilot2_hkr_forms_0006/graph_overlay_otsu.png,hkr_forms_page|hkr_possible_form_grid|large_page_scaled|too_many_components|too_many_junctions
pilot2_hkr_forms_0006,hkr_forms_page_001013,hkr_forms,form_page,otsu_gridless,True,True,1697,2400,4072800,0.035732419956786485,68736,0.01687684148497348,11982,9708,6164,1788,10194,2390,29,174.3191340782123,141.23603351955308,89.67644320297951,26.012569832402235,148.30656424581005,34.77071694599628,0.1753972925250147,0.8102153229844767,0.514438324152896,2.305008955277244,5,65.0,outputs/graph_pilot_v2/hkr_forms/pilot2_hkr_forms_0006/graph_otsu_gridless.json,outputs/graph_pilot_v2/hkr_forms/pilot2_hkr_forms_0006/graph_overlay_otsu_gridless.png,hkr_forms_page|hkr_possible_form_grid|large_page_scaled|too_many_components|too_many_junctions
pilot2_hkr_forms_0007,hkr_forms_page_000642,hkr_forms,form_page,otsu,False,True,1697,2400,4072800,0.052132930661952466,61827,0.015180465527401297,4284,4102,2499,880,3404,1211,20,69.29011596875152,66.34641823151698,40.41923431510505,14.23326378443075,55.05685218432077,19.58691186698368,0.25851938895417154,0.9575163398692811,0.5833333333333334,2.3503132804042592,5,65.0,outputs/graph_pilot_v2/hkr_forms/pilot2_hkr_forms_0007/graph_otsu.json,outputs/graph_pilot_v2/hkr_forms/pilot2_hkr_forms_0007/graph_overlay_otsu.png,hkr_forms_page|hkr_possible_form_grid|large_page_scaled|too_many_components|too_many_junctions
pilot2_hkr_forms_0007,hkr_forms_page_000642,hkr_forms,form_page,otsu_gridless,True,True,1697,2400,4072800,0.009674425456688273,21394,0.005252897269691612,5511,5116,3733,759,4752,1604,20,257.5955875479106,239.13246704683556,174.48817425446387,35.477236608394875,222.11835093951575,74.97429185753015,0.1597222222222222,0.928325167846126,0.6773725276719289,2.1731881468989007,5,65.0,outputs/graph_pilot_v2/hkr_forms/pilot2_hkr_forms_0007/graph_otsu_gridless.json,outputs/graph_pilot_v2/hkr_forms/pilot2_hkr_forms_0007/graph_overlay_otsu_gridless.png,hkr_forms_page|hkr_possible_form_grid|large_page_scaled|too_many_components|too_many_junctions
pilot2_hkr_forms_0008,hkr_forms_page_000251,hkr_forms,form_page,otsu,False,True,1697,2400,4072800,0.06445320172854056,89961,0.022088243959929286,5093,4500,1340,1641,3452,778,21,56.6134213714832,50.02167605962584,14.895343537755249,18.241237869743557,38.37218350173964,8.648191994308645,0.4753765932792584,0.8835656783820931,0.2631062242293344,2.360153681524583,5,65.0,outputs/graph_pilot_v2/hkr_forms/pilot2_hkr_forms_0008/graph_otsu.json,outputs/graph_pilot_v2/hkr_forms/pilot2_hkr_forms_0008/graph_overlay_otsu.png,hkr_forms_page|hkr_possible_form_grid|large_page_scaled|too_many_components|too_many_junctions
pilot2_hkr_forms_0008,hkr_forms_page_000251,hkr_forms,form_page,otsu_gridless,True,True,1697,2400,4072800,0.025243812610489098,48971,0.012023914751522294,5933,5057,2099,1527,4406,1032,21,121.15333564762818,103.26519777010884,42.862102060403096,31.18171979334708,89.97161585428111,21.073696677625534,0.346572855197458,0.8523512556885219,0.3537839204449688,2.2473283048708628,5,65.0,outputs/graph_pilot_v2/hkr_forms/pilot2_hkr_forms_0008/graph_otsu_gridless.json,outputs/graph_pilot_v2/hkr_forms/pilot2_hkr_forms_0008/graph_overlay_otsu_gridless.png,hkr_forms_page|hkr_possible_form_grid|large_page_scaled|too_many_components|too_many_junctions
pilot2_hkr_forms_0009,hkr_forms_page_001119,hkr_forms,form_page,otsu,False,True,1697,2400,4072800,0.07505450795521508,106537,0.026158171282655667,5108,4619,1286,1767,3341,706,49,47.945784093789015,43.355829430151026,12.070923716643044,16.585787097440328,31.359996996348688,6.62680571069206,0.5288835677940736,0.904267815191856,0.2517619420516836,2.5683821746287765,5,65.0,outputs/graph_pilot_v2/hkr_forms/pilot2_hkr_forms_0009/graph_otsu.json,outputs/graph_pilot_v2/hkr_forms/pilot2_hkr_forms_0009/graph_overlay_otsu.png,hkr_forms_page|hkr_possible_form_grid|large_page_scaled|too_many_components|too_many_junctions
pilot2_hkr_forms_0009,hkr_forms_page_001119,hkr_forms,form_page,otsu_gridless,True,True,1697,2400,4072800,0.030481486937733254,62279,0.01529144568846985,9368,7825,4957,1524,7844,1836,50,150.41988471234285,125.64427816760063,79.59344241237014,24.470527786252187,125.94935692609066,29.48024213619358,0.1942886282508924,0.8352903501280956,0.5291417591801879,2.22982035376739,5,65.0,outputs/graph_pilot_v2/hkr_forms/pilot2_hkr_forms_0009/graph_otsu_gridless.json,outputs/graph_pilot_v2/hkr_forms/pilot2_hkr_forms_0009/graph_overlay_otsu_gridless.png,hkr_forms_page|hkr_possible_form_grid|large_page_scaled|too_many_components|too_many_junctions
pilot2_hkr_forms_0010,hkr_forms_page_000813,hkr_forms,form_page,otsu,False,True,1697,2400,4072800,0.05510140443920644,86324,0.021195246513455116,4260,4620,599,2233,2027,620,29,49.34896436680413,53.51929938371716,6.93897409758584,25.867661368796625,23.481302998007507,7.182243640239099,1.101628021706956,1.0845070422535212,0.14061032863849765,3.402181794273695,5,65.0,outputs/graph_pilot_v2/hkr_forms/pilot2_hkr_forms_0010/graph_otsu.json,outputs/graph_pilot_v2/hkr_forms/pilot2_hkr_forms_0010/graph_overlay_otsu.png,hkr_forms_page|hkr_possible_form_grid|large_page_scaled|too_many_components|too_many_junctions
pilot2_hkr_forms_0010,hkr_forms_page_000813,hkr_forms,form_page,otsu_gridless,True,True,1697,2400,4072800,0.03159472598703594,43935,0.010787418974661166,6627,5739,3172,1365,5262,1457,30,150.8364629566405,130.6247866165927,72.19756458404461,31.068624103789688,119.7678388528508,33.162626607488335,0.2594070695553022,0.8660027161611589,0.4786479553342387,2.9061686833334797,5,65.0,outputs/graph_pilot_v2/hkr_forms/pilot2_hkr_forms_0010/graph_otsu_gridless.json,outputs/graph_pilot_v2/hkr_forms/pilot2_hkr_forms_0010/graph_overlay_otsu_gridless.png,hkr_forms_page|hkr_possible_form_grid|large_page_scaled|too_many_components|too_many_junctions
