line_group_id,valid_line,correct_order,complete_enough,neighbor_noise,good_for_line_train,notes
school_full_line_test_7_6,,,,,,
school_full_line_test_25_30,,,,,,
school_full_line_test_87_21,,,,,,
school_full_line_train_153_41,,,,,,
school_full_line_train_278_10,,,,,,
school_full_line_train_630_15,,,,,,
school_full_line_train_673_12,,,,,,
school_full_line_train_690_9,,,,,,
school_full_line_train_738_212,,,,,,
school_full_line_train_898_25,,,,,,
school_full_line_train_908_34,,,,,,
school_full_line_train_941_9,,,,,,
school_full_line_train_1010_5,,,,,,
school_full_line_train_1021_8,,,,,,
school_full_line_train_1033_33,,,,,,
school_full_line_train_1066_23,,,,,,
school_full_line_train_1085_1,,,,,,
school_full_line_train_1101_57,,,,,,
school_full_line_train_1141_288,,,,,,
school_full_line_train_1146_14,,,,,,
school_full_line_train_1246_22,,,,,,
school_full_line_train_1258_12,,,,,,
school_full_line_train_1269_25,,,,,,
school_full_line_train_1369_17,,,,,,
school_full_line_train_1378_3,,,,,,
school_full_line_train_1392_11,,,,,,
school_full_line_train_1484_5,,,,,,
school_full_line_val_13_109,,,,,,
school_full_line_val_53_3,,,,,,
school_full_line_val_62_3,,,,,,
school_full_line_train_22_15,,,,,,
school_full_line_train_59_14,,,,,,
school_full_line_train_81_25,,,,,,
school_full_line_train_99_9,,,,,,
school_full_line_train_173_8,,,,,,
school_full_line_train_207_47,,,,,,
school_full_line_train_224_42,,,,,,
school_full_line_train_252_6,,,,,,
school_full_line_train_391_3,,,,,,
school_full_line_train_417_13,,,,,,
school_full_line_train_428_38,,,,,,
school_full_line_train_507_11,,,,,,
school_full_line_train_529_9,,,,,,
school_full_line_train_579_8,,,,,,
school_full_line_train_594_3,,,,,,
school_full_line_train_615_8,,,,,,
school_full_line_train_664_18,,,,,,
school_full_line_train_751_14,,,,,,
school_full_line_train_791_22,,,,,,
school_full_line_train_1192_15,,,,,,
school_full_line_train_1296_38,,,,,,
school_full_line_train_1437_9,,,,,,
school_full_line_train_1465_7,,,,,,
school_full_line_train_1489_8,,,,,,
school_full_line_val_24_6,,,,,,
school_full_line_val_27_31,,,,,,
school_full_line_val_28_25,,,,,,
school_full_line_val_67_29,,,,,,
school_full_line_val_71_28,,,,,,
school_full_line_val_90_10,,,,,,
school_full_line_test_83_9,,,,,,
school_full_line_test_147_26,,,,,,
school_full_line_train_51_5,,,,,,
school_full_line_train_136_28,,,,,,
school_full_line_train_158_9,,,,,,
school_full_line_train_175_22,,,,,,
school_full_line_train_260_19,,,,,,
school_full_line_train_280_36,,,,,,
school_full_line_train_356_2,,,,,,
school_full_line_train_387_42,,,,,,
school_full_line_train_432_18,,,,,,
school_full_line_train_451_1,,,,,,
school_full_line_train_481_4,,,,,,
school_full_line_train_492_24,,,,,,
school_full_line_train_512_30,,,,,,
school_full_line_train_544_19,,,,,,
school_full_line_train_561_487,,,,,,
school_full_line_train_570_38,,,,,,
school_full_line_train_695_13,,,,,,
school_full_line_train_713_43,,,,,,
school_full_line_train_779_15,,,,,,
school_full_line_train_806_102,,,,,,
school_full_line_train_847_19,,,,,,
school_full_line_train_867_34,,,,,,
school_full_line_train_885_2,,,,,,
school_full_line_train_921_8,,,,,,
school_full_line_train_1000_30,,,,,,
school_full_line_train_1026_14,,,,,,
school_full_line_train_1113_11,,,,,,
school_full_line_train_1162_42,,,,,,
school_full_line_train_1244_19,,,,,,
school_full_line_train_1318_14,,,,,,
school_full_line_train_1376_4,,,,,,
school_full_line_train_1410_20,,,,,,
school_full_line_train_1441_25,,,,,,
school_full_line_train_1450_9,,,,,,
school_full_line_train_1530_35,,,,,,
school_full_line_train_1541_26,,,,,,
school_full_line_val_23_30,,,,,,
school_full_line_val_61_27,,,,,,
school_full_line_test_75_28,,,,,,
school_full_line_test_75_27,,,,,,
school_full_line_test_87_14,,,,,,
school_full_line_train_8_7,,,,,,
school_full_line_train_40_2,,,,,,
school_full_line_train_102_29,,,,,,
school_full_line_train_178_42,,,,,,
school_full_line_train_524_27,,,,,,
school_full_line_train_544_4,,,,,,
school_full_line_train_621_42,,,,,,
school_full_line_train_650_36,,,,,,
school_full_line_train_895_34,,,,,,
school_full_line_train_965_19,,,,,,
school_full_line_train_1042_13,,,,,,
school_full_line_train_1047_39,,,,,,
school_full_line_train_1099_42,,,,,,
school_full_line_train_1120_5,,,,,,
school_full_line_train_1163_13,,,,,,
school_full_line_train_1165_41,,,,,,
school_full_line_train_1230_1,,,,,,
school_full_line_train_1325_16,,,,,,
school_full_line_train_1327_40,,,,,,
school_full_line_train_1329_28,,,,,,
school_full_line_val_75_10,,,,,,
school_full_line_val_77_11,,,,,,
school_full_line_train_52_25,,,,,,
school_full_line_train_96_10,,,,,,
school_full_line_train_110_9,,,,,,
school_full_line_train_651_22,,,,,,
school_full_line_train_651_17,,,,,,
school_full_line_train_683_26,,,,,,
school_full_line_train_683_25,,,,,,
school_full_line_train_683_21,,,,,,
school_full_line_train_693_7,,,,,,
school_full_line_train_729_7,,,,,,
school_full_line_train_783_2,,,,,,
school_full_line_train_794_6,,,,,,
school_full_line_train_794_3,,,,,,
school_full_line_train_946_24,,,,,,
school_full_line_train_947_10,,,,,,
school_full_line_train_1321_25,,,,,,
school_full_line_train_1321_21,,,,,,
school_full_line_train_1321_19,,,,,,
school_full_line_train_1321_17,,,,,,
school_full_line_train_1324_34,,,,,,
school_full_line_train_1442_47,,,,,,
school_full_line_train_1492_21,,,,,,
school_full_line_train_1496_320,,,,,,
school_full_line_val_11_82,,,,,,
school_full_line_val_12_87,,,,,,
