model,risk_method,scope,bin_low,bin_high,n,mean_risk,error_rate
baseline,feature_only,all,0.0,0.1,0,,
baseline,feature_only,all,0.1,0.2,6,0.184002983428712,0.16666666666666666
baseline,feature_only,all,0.2,0.3,272,0.2689661052636634,0.3235294117647059
baseline,feature_only,all,0.3,0.4,1086,0.3564823015777684,0.4696132596685083
baseline,feature_only,all,0.4,0.5,1548,0.45038274732835093,0.5503875968992248
baseline,feature_only,all,0.5,0.6,1519,0.5481040251509304,0.576036866359447
baseline,feature_only,all,0.6,0.7,884,0.6421010100939595,0.6549773755656109
baseline,feature_only,all,0.7,0.8,212,0.7339565573230455,0.7735849056603774
baseline,feature_only,all,0.8,0.9,36,0.8307900756595442,0.9722222222222222
baseline,feature_only,all,0.9,1.0,0,,
baseline,feature_only,school,0.0,0.1,0,,
baseline,feature_only,school,0.1,0.2,6,0.184002983428712,0.16666666666666666
baseline,feature_only,school,0.2,0.3,237,0.26845817508802466,0.3037974683544304
baseline,feature_only,school,0.3,0.4,735,0.35210180642746053,0.4340136054421769
baseline,feature_only,school,0.4,0.5,667,0.44505159717195425,0.545727136431784
baseline,feature_only,school,0.5,0.6,264,0.5409337257768723,0.6363636363636364
baseline,feature_only,school,0.6,0.7,80,0.6436895511330605,0.6875
baseline,feature_only,school,0.7,0.8,11,0.7212944640439211,0.6363636363636364
baseline,feature_only,school,0.8,0.9,0,,
baseline,feature_only,school,0.9,1.0,0,,
baseline,model_confidence,all,0.0,0.1,4,0.08170920328954469,0.0
baseline,model_confidence,all,0.1,0.2,259,0.16930275279407378,0.15444015444015444
baseline,model_confidence,all,0.2,0.3,1080,0.24916743013881854,0.22870370370370371
baseline,model_confidence,all,0.3,0.4,854,0.34851022162654816,0.37822014051522246
baseline,model_confidence,all,0.4,0.5,689,0.4486230614958175,0.5442670537010159
baseline,model_confidence,all,0.5,0.6,544,0.5504059301546802,0.625
baseline,model_confidence,all,0.6,0.7,431,0.6501345319713201,0.7076566125290024
baseline,model_confidence,all,0.7,0.8,409,0.7505131744434046,0.7897310513447433
baseline,model_confidence,all,0.8,0.9,441,0.8494365978950192,0.8367346938775511
baseline,model_confidence,all,0.9,1.0,852,0.968004491092989,0.9178403755868545
baseline,model_confidence,school,0.0,0.1,3,0.07617045544808827,0.0
baseline,model_confidence,school,0.1,0.2,125,0.16637783581912335,0.168
baseline,model_confidence,school,0.2,0.3,403,0.24318875064623763,0.1588089330024814
baseline,model_confidence,school,0.3,0.4,235,0.3461569470283361,0.28936170212765955
baseline,model_confidence,school,0.4,0.5,202,0.4483014807073104,0.42574257425742573
baseline,model_confidence,school,0.5,0.6,158,0.5526405432023015,0.5126582278481012
baseline,model_confidence,school,0.6,0.7,144,0.6486770168076202,0.5277777777777778
baseline,model_confidence,school,0.7,0.8,144,0.7511135817481498,0.6736111111111112
baseline,model_confidence,school,0.8,0.9,151,0.8517471110638571,0.7218543046357616
baseline,model_confidence,school,0.9,1.0,435,0.9745156989655802,0.8827586206896552
baseline,confidence_graph,all,0.0,0.1,175,0.07475640428396503,0.12
baseline,confidence_graph,all,0.1,0.2,534,0.15334253071849668,0.19850187265917604
baseline,confidence_graph,all,0.2,0.3,643,0.24951812473377918,0.25505443234836706
baseline,confidence_graph,all,0.3,0.4,591,0.34941691753826765,0.34179357021996615
baseline,confidence_graph,all,0.4,0.5,602,0.44913324045515546,0.4435215946843854
baseline,confidence_graph,all,0.5,0.6,580,0.5481629204516841,0.5689655172413793
baseline,confidence_graph,all,0.6,0.7,520,0.648319406896839,0.65
baseline,confidence_graph,all,0.7,0.8,486,0.7505605502590238,0.7489711934156379
baseline,confidence_graph,all,0.8,0.9,500,0.8485782272997521,0.878
baseline,confidence_graph,all,0.9,1.0,932,0.9638149545718174,0.9366952789699571
baseline,confidence_graph,school,0.0,0.1,143,0.07305883065989835,0.1048951048951049
baseline,confidence_graph,school,0.1,0.2,357,0.1492556518005583,0.19047619047619047
baseline,confidence_graph,school,0.2,0.3,250,0.24626835621238197,0.256
baseline,confidence_graph,school,0.3,0.4,184,0.3505187909031693,0.3641304347826087
baseline,confidence_graph,school,0.4,0.5,161,0.4483108517212979,0.484472049689441
baseline,confidence_graph,school,0.5,0.6,138,0.5475617026667884,0.5942028985507246
baseline,confidence_graph,school,0.6,0.7,130,0.6446082713823076,0.6076923076923076
baseline,confidence_graph,school,0.7,0.8,130,0.7512717719217483,0.6538461538461539
baseline,confidence_graph,school,0.8,0.9,125,0.851248679257722,0.8
baseline,confidence_graph,school,0.9,1.0,382,0.9730443012819311,0.9109947643979057
plus_5k_context,feature_only,all,0.0,0.1,0,,
plus_5k_context,feature_only,all,0.1,0.2,13,0.18192164137937347,0.23076923076923078
plus_5k_context,feature_only,all,0.2,0.3,369,0.26626989107520727,0.33604336043360433
plus_5k_context,feature_only,all,0.3,0.4,1052,0.3544427679294698,0.42395437262357416
plus_5k_context,feature_only,all,0.4,0.5,1372,0.4505926833596873,0.5451895043731778
plus_5k_context,feature_only,all,0.5,0.6,1571,0.5496526943982963,0.5537873965626989
plus_5k_context,feature_only,all,0.6,0.7,959,0.6409848404515229,0.6611053180396246
plus_5k_context,feature_only,all,0.7,0.8,206,0.7341219633958355,0.7621359223300971
plus_5k_context,feature_only,all,0.8,0.9,21,0.8284680131255973,0.9047619047619048
plus_5k_context,feature_only,all,0.9,1.0,0,,
plus_5k_context,feature_only,school,0.0,0.1,0,,
plus_5k_context,feature_only,school,0.1,0.2,13,0.18192164137937347,0.23076923076923078
plus_5k_context,feature_only,school,0.2,0.3,363,0.26619888902621097,0.3333333333333333
plus_5k_context,feature_only,school,0.3,0.4,840,0.35174360556155937,0.4083333333333333
plus_5k_context,feature_only,school,0.4,0.5,570,0.44398756914734605,0.5385964912280702
plus_5k_context,feature_only,school,0.5,0.6,167,0.5412150332268968,0.6227544910179641
plus_5k_context,feature_only,school,0.6,0.7,43,0.6338291189770825,0.7674418604651163
plus_5k_context,feature_only,school,0.7,0.8,4,0.7137418236300915,1.0
plus_5k_context,feature_only,school,0.8,0.9,0,,
plus_5k_context,feature_only,school,0.9,1.0,0,,
plus_5k_context,model_confidence,all,0.0,0.1,6,0.08038585967872468,0.0
plus_5k_context,model_confidence,all,0.1,0.2,211,0.1694872331889253,0.13270142180094788
plus_5k_context,model_confidence,all,0.2,0.3,926,0.25592657873452174,0.20626349892008639
plus_5k_context,model_confidence,all,0.3,0.4,944,0.3469327271264456,0.3230932203389831
plus_5k_context,model_confidence,all,0.4,0.5,791,0.44889831255910895,0.515802781289507
plus_5k_context,model_confidence,all,0.5,0.6,603,0.5468151175925232,0.6019900497512438
plus_5k_context,model_confidence,all,0.6,0.7,544,0.6488469923122007,0.6911764705882353
plus_5k_context,model_confidence,all,0.7,0.8,463,0.7492676993017007,0.7991360691144709
plus_5k_context,model_confidence,all,0.8,0.9,422,0.8472662868383635,0.8578199052132701
plus_5k_context,model_confidence,all,0.9,1.0,653,0.9627689534119994,0.9157733537519143
plus_5k_context,model_confidence,school,0.0,0.1,6,0.08038585967872468,0.0
plus_5k_context,model_confidence,school,0.1,0.2,107,0.16478696228979858,0.1308411214953271
plus_5k_context,model_confidence,school,0.2,0.3,356,0.25411581300070135,0.15168539325842698
plus_5k_context,model_confidence,school,0.3,0.4,329,0.34661244759047194,0.2188449848024316
plus_5k_context,model_confidence,school,0.4,0.5,238,0.4497841109132636,0.38235294117647056
plus_5k_context,model_confidence,school,0.5,0.6,175,0.5487422497107387,0.45714285714285713
plus_5k_context,model_confidence,school,0.6,0.7,168,0.6484876256545146,0.5833333333333334
plus_5k_context,model_confidence,school,0.7,0.8,148,0.7512408098805498,0.6554054054054054
plus_5k_context,model_confidence,school,0.8,0.9,131,0.8462152553524099,0.8015267175572519
plus_5k_context,model_confidence,school,0.9,1.0,342,0.9695811579631857,0.8888888888888888
plus_5k_context,confidence_graph,all,0.0,0.1,149,0.07279127879960455,0.10738255033557047
plus_5k_context,confidence_graph,all,0.1,0.2,516,0.15335833673553248,0.14922480620155038
plus_5k_context,confidence_graph,all,0.2,0.3,586,0.25070419563127494,0.23378839590443687
plus_5k_context,confidence_graph,all,0.3,0.4,663,0.35113296472768796,0.32428355957767724
plus_5k_context,confidence_graph,all,0.4,0.5,676,0.4487133507696531,0.46005917159763315
plus_5k_context,confidence_graph,all,0.5,0.6,617,0.5484632291953586,0.5316045380875203
plus_5k_context,confidence_graph,all,0.6,0.7,589,0.6480960088373396,0.6179966044142614
plus_5k_context,confidence_graph,all,0.7,0.8,535,0.7499844395040888,0.794392523364486
plus_5k_context,confidence_graph,all,0.8,0.9,538,0.850326219471477,0.8828996282527881
plus_5k_context,confidence_graph,all,0.9,1.0,694,0.9609227948853263,0.9409221902017291
plus_5k_context,confidence_graph,school,0.0,0.1,137,0.07236909669288145,0.0948905109489051
plus_5k_context,confidence_graph,school,0.1,0.2,365,0.15063663745182004,0.15616438356164383
plus_5k_context,confidence_graph,school,0.2,0.3,295,0.24898122314033594,0.22372881355932203
plus_5k_context,confidence_graph,school,0.3,0.4,240,0.349330821248623,0.3458333333333333
plus_5k_context,confidence_graph,school,0.4,0.5,188,0.443813678229456,0.4734042553191489
plus_5k_context,confidence_graph,school,0.5,0.6,133,0.5487086712961963,0.6090225563909775
plus_5k_context,confidence_graph,school,0.6,0.7,128,0.6510567882546547,0.609375
plus_5k_context,confidence_graph,school,0.7,0.8,100,0.7521017983577873,0.8
plus_5k_context,confidence_graph,school,0.8,0.9,133,0.848850669722693,0.8195488721804511
plus_5k_context,confidence_graph,school,0.9,1.0,281,0.9721594228291283,0.9217081850533808
plus_10k_context,feature_only,all,0.0,0.1,0,,
plus_10k_context,feature_only,all,0.1,0.2,19,0.1893415032183509,0.2631578947368421
plus_10k_context,feature_only,all,0.2,0.3,365,0.26726561838449153,0.32602739726027397
plus_10k_context,feature_only,all,0.3,0.4,1016,0.3552779510663163,0.453740157480315
plus_10k_context,feature_only,all,0.4,0.5,1461,0.4496930713296796,0.5386721423682409
plus_10k_context,feature_only,all,0.5,0.6,1534,0.5490213658825503,0.5280312907431551
plus_10k_context,feature_only,all,0.6,0.7,956,0.6411745477655455,0.6642259414225942
plus_10k_context,feature_only,all,0.7,0.8,191,0.7333243266875932,0.7643979057591623
plus_10k_context,feature_only,all,0.8,0.9,21,0.8219529567065436,1.0
plus_10k_context,feature_only,all,0.9,1.0,0,,
plus_10k_context,feature_only,school,0.0,0.1,0,,
plus_10k_context,feature_only,school,0.1,0.2,19,0.1893415032183509,0.2631578947368421
plus_10k_context,feature_only,school,0.2,0.3,356,0.2672551504739585,0.32303370786516855
plus_10k_context,feature_only,school,0.3,0.4,808,0.35222809312509035,0.4430693069306931
plus_10k_context,feature_only,school,0.4,0.5,632,0.44280280153226004,0.5411392405063291
plus_10k_context,feature_only,school,0.5,0.6,157,0.5395321567625323,0.5222929936305732
plus_10k_context,feature_only,school,0.6,0.7,27,0.6385326913625562,0.7037037037037037
plus_10k_context,feature_only,school,0.7,0.8,1,0.7050136631697187,1.0
plus_10k_context,feature_only,school,0.8,0.9,0,,
plus_10k_context,feature_only,school,0.9,1.0,0,,
plus_10k_context,model_confidence,all,0.0,0.1,8,0.07373420610613851,0.125
plus_10k_context,model_confidence,all,0.1,0.2,268,0.16816995269598753,0.16044776119402984
plus_10k_context,model_confidence,all,0.2,0.3,934,0.25574949796509683,0.23233404710920771
plus_10k_context,model_confidence,all,0.3,0.4,955,0.3494835639066743,0.3078534031413613
plus_10k_context,model_confidence,all,0.4,0.5,763,0.44828996538521,0.5124508519003932
plus_10k_context,model_confidence,all,0.5,0.6,586,0.5484978598638538,0.6040955631399317
plus_10k_context,model_confidence,all,0.6,0.7,487,0.6480413045027609,0.6960985626283368
plus_10k_context,model_confidence,all,0.7,0.8,460,0.7488629433438463,0.7804347826086957
plus_10k_context,model_confidence,all,0.8,0.9,420,0.848289248193465,0.8380952380952381
plus_10k_context,model_confidence,all,0.9,1.0,682,0.9662086461431089,0.9296187683284457
plus_10k_context,model_confidence,school,0.0,0.1,6,0.06780211046405073,0.16666666666666666
plus_10k_context,model_confidence,school,0.1,0.2,156,0.16529250818564134,0.14102564102564102
plus_10k_context,model_confidence,school,0.2,0.3,351,0.25518276218770264,0.18803418803418803
plus_10k_context,model_confidence,school,0.3,0.4,322,0.34854822233066407,0.2111801242236025
plus_10k_context,model_confidence,school,0.4,0.5,227,0.4457914657340081,0.41409691629955947
plus_10k_context,model_confidence,school,0.5,0.6,178,0.5492256460366995,0.4157303370786517
plus_10k_context,model_confidence,school,0.6,0.7,133,0.651356607752485,0.5413533834586466
plus_10k_context,model_confidence,school,0.7,0.8,138,0.748309980096747,0.6521739130434783
plus_10k_context,model_confidence,school,0.8,0.9,142,0.8527133110872178,0.8169014084507042
plus_10k_context,model_confidence,school,0.9,1.0,347,0.9720104656727464,0.9193083573487032
plus_10k_context,confidence_graph,all,0.0,0.1,167,0.0717944324862647,0.1317365269461078
plus_10k_context,confidence_graph,all,0.1,0.2,511,0.15168093322011295,0.1780821917808219
plus_10k_context,confidence_graph,all,0.2,0.3,656,0.25095187846662337,0.26371951219512196
plus_10k_context,confidence_graph,all,0.3,0.4,676,0.34932488337318135,0.29142011834319526
plus_10k_context,confidence_graph,all,0.4,0.5,617,0.4500631736586759,0.42625607779578606
plus_10k_context,confidence_graph,all,0.5,0.6,612,0.5494635333035571,0.545751633986928
plus_10k_context,confidence_graph,all,0.6,0.7,565,0.647926344829308,0.6442477876106195
plus_10k_context,confidence_graph,all,0.7,0.8,526,0.7502521142696268,0.7965779467680608
plus_10k_context,confidence_graph,all,0.8,0.9,502,0.8478042047034511,0.8645418326693227
plus_10k_context,confidence_graph,all,0.9,1.0,731,0.9630050384772344,0.9398084815321477
plus_10k_context,confidence_graph,school,0.0,0.1,150,0.0717473394749908,0.10666666666666667
plus_10k_context,confidence_graph,school,0.1,0.2,354,0.14912102056643342,0.1553672316384181
plus_10k_context,confidence_graph,school,0.2,0.3,308,0.24855078100533565,0.2727272727272727
plus_10k_context,confidence_graph,school,0.3,0.4,240,0.3465435512090974,0.35
plus_10k_context,confidence_graph,school,0.4,0.5,158,0.4450962562566776,0.43037974683544306
plus_10k_context,confidence_graph,school,0.5,0.6,141,0.5448203812849657,0.524822695035461
plus_10k_context,confidence_graph,school,0.6,0.7,121,0.6451768841773886,0.6115702479338843
plus_10k_context,confidence_graph,school,0.7,0.8,112,0.7471911969001388,0.7857142857142857
plus_10k_context,confidence_graph,school,0.8,0.9,121,0.84618882734879,0.8347107438016529
plus_10k_context,confidence_graph,school,0.9,1.0,295,0.972436073449516,0.9423728813559322
